child_id,study_id,type,week,sample_id,SAMPLE ID,GENOTYPE SNP rs2204985,ALB QTY,sjTREC QTY,CjINT QTY,sjKREC QTY,LOG10 sjTREC,LOG10 CjInt,LOG10 KREC,B cell Div,mode_delivery,group,sex,baby_age,subject,sampling_datetime,weight
143,1439,Father,1,66593946,1223778171,AA,392457,73,8607,1296,1.86332286,3.934851803,3.112605002,2.731444750605196,NA,NA,NA,NA,NA,NA,NA
147,1479,Father,1,66593953,1223778201,AA,246257,66,10556,369,1.819543936,4.023499382,2.567026366,4.838298629265872,NA,NA,NA,NA,NA,NA,NA
151,1519,Father,1,2600049011,1223778158,AA,223940,6,15281,1667,0.77815125,4.184151776,3.2219356,3.1964129480619787,NA,NA,NA,NA,NA,NA,NA
155,1559,Father,1,2600048923,1223778147,GA,203604,120,8009,84,2.079181246,3.903578294,1.924279286,6.5750889815330105,NA,NA,NA,NA,NA,NA,NA
156,1569,Father,1,2600048969,1223786367,GA,289544,207,7553,53,2.315970345,3.878119485,1.72427587,7.154913616982422,NA,NA,NA,NA,NA,NA,NA
160,1609,Father,1,66627352,1223786302,GA,269938,229,7320,115,2.359835482,3.864511081,2.06069784,5.99213788222703,NA,NA,NA,NA,NA,NA,NA
162,1629,Father,1,2600048926,1223786899,GG,322445,123,7561,155,2.089905111,3.878579238,2.190331698,5.608236933891467,NA,NA,NA,NA,NA,NA,NA
167,1679,Father,1,2600100712,1223786409,GA,213649,44,11910,1989,1.643452676,4.075911761,3.298634783,2.5820582319177325,NA,NA,NA,NA,NA,NA,NA
169,1699,Father,1,2600100720,1223786448,AA,215466,99,12776,610,1.995635195,4.106394903,2.785329835,4.3884831649609835,NA,NA,NA,NA,NA,NA,NA
170,1709,Father,1,2600100729,1223786475,GG,0,0,0,0,NA,NA,NA,NA,NA,NA,NA,NA,NA,NA,NA
173,1739,Father,1,2600100738,1223786398,GA,335837,117,5109,29,2.068185862,3.708335903,1.462397998,7.460844225272127,NA,NA,NA,NA,NA,NA,NA
175,1759,Father,1,2600100840,1223785458,AA,222986,135,3405,1,2.130333768,3.532117116,0,11.733439082899434,NA,NA,NA,NA,NA,NA,NA
180,1809,Father,1,2600100797,1223787200,GA,208684,218,9147,329,2.338456494,3.961278679,2.517195898,4.797139161995664,NA,NA,NA,NA,NA,NA,NA
184,1849,Father,1,2600164624,1223787180,GA,215448,69,7772,81,1.838849091,3.890532792,1.908485019,6.58422018270072,NA,NA,NA,NA,NA,NA,NA
189,1899,Father,1,2600164639,1223786408,AA,281781,128,7462,563,2.10720997,3.872855245,2.750508395,3.7283555327365505,NA,NA,NA,NA,NA,NA,NA
191,1919,Father,1,2600164632,1223786446,AA,252813,91,3579,12,1.959041392,3.553761698,1.079181246,8.220378327695228,NA,NA,NA,NA,NA,NA,NA
192,1929,Father,1,2600164651,1223787179,GA,182330,77,6977,297,1.886490725,3.843668723,2.472756449,4.554071997503482,NA,NA,NA,NA,NA,NA,NA
193,1939,Father,1,2600164652,1223787156,AA,228670,91,14318,566,1.959041392,4.155882358,2.752816431,4.66088412152684,NA,NA,NA,NA,NA,NA,NA
539,5399,Father,1,2600100755,1223786455,GG,300189,14,11947,644,1.146128036,4.077258864,2.808885867,4.213443891315509,NA,NA,NA,NA,NA,NA,NA
542,5429,Father,1,2600100872,1223778216,GG,296165,68,6591,322,1.832508913,3.818951312,2.507855872,4.355364777029815,NA,NA,NA,NA,NA,NA,NA
543,5439,Father,1,2600100892,1223786413,GG,282002,48,5734,46,1.681241237,3.758457689,1.662757832,6.96176423318351,NA,NA,NA,NA,NA,NA,NA
544,5449,Father,1,2600100869,1223786419,GG,355972,280,5782,232,2.447158031,3.762078087,2.365487985,4.639371898349477,NA,NA,NA,NA,NA,NA,NA
545,5459,Father,1,2600100888,1223786414,AA,212893,6,8326,155,0.77815125,3.920436407,2.190331698,5.74728343786598,NA,NA,NA,NA,NA,NA,NA
546,5469,Father,1,2600100873,1223786447,GG,287604,210,5363,43,2.322219295,3.729407797,1.633468456,6.962559783321502,NA,NA,NA,NA,NA,NA,NA
547,5479,Father,1,2600100895,1223786424,GA,250813,12,6527,285,1.079181246,3.814713613,2.45484486,4.517386214911929,NA,NA,NA,NA,NA,NA,NA
552,5529,Father,1,2600100857,1223786473,GG,246129,67,7395,85,1.826074803,3.868938178,1.929418926,6.442943495848728,NA,NA,NA,NA,NA,NA,NA
555,5559,Father,1,2600100858,1223786476,AA,191610,129,4663,63,2.11058971,3.668665415,1.799340549,6.209762790839978,NA,NA,NA,NA,NA,NA,NA
559,5599,Father,1,2600100878,1223778196,GA,238171,14,12388,203,1.146128036,4.093001197,2.307496038,5.931319750489487,NA,NA,NA,NA,NA,NA,NA
560,5609,Father,1,2600100882,1223787226,AA,247928,80,8763,145,1.903089987,3.942652812,2.161368002,5.9173000535354,NA,NA,NA,NA,NA,NA,NA
565,5659,Father,1,2600100884,1223786309,AA,356714,67,6213,18,1.826074803,3.793301354,1.255272505,8.431149337499354,NA,NA,NA,NA,NA,NA,NA
567,5679,Father,1,2600100837,1223787206,AA,258341,248,6331,161,2.394451681,3.801472314,2.206825876,5.2973008021088175,NA,NA,NA,NA,NA,NA,NA
568,5689,Father,1,2600100818,1223786436,AA,244956,149,8330,137,2.173186268,3.920645001,2.136720567,5.926068697292383,NA,NA,NA,NA,NA,NA,NA
571,5719,Father,1,2600100782,1223786316,GA,201832,120,3054,15,2.079181246,3.484869033,1.1760912590000001,7.669593751188334,NA,NA,NA,NA,NA,NA,NA
572,5729,Father,1,2600100787,1223786290,AA,279228,76,8813,368,1.880813592,3.94512377,2.565847819,4.581855533719607,NA,NA,NA,NA,NA,NA,NA
574,5749,Father,1,2600100790,1223787266,AA,206675,54,7050,19,1.73239376,3.848189117,1.278753601,8.535480028729932,NA,NA,NA,NA,NA,NA,NA
578,5789,Father,1,2600164612,1223787264,GG,217946,111,6932,142,2.045322979,3.840858554,2.152288344,5.609308819655487,NA,NA,NA,NA,NA,NA,NA
584,5849,Father,1,2600164637,1223787175,GA,236257,71,8878,691,1.851258349,3.948315141,2.839478047,3.683477092936835,NA,NA,NA,NA,NA,NA,NA
585,5859,Father,1,2600164656,1223787191,GA,222104,95,4633,0,1.977723605,3.6658623,NA,NA,NA,NA,NA,NA,NA,NA,NA
143,1438,Mother,1,66593945,1223778137,GG,187871,98,4989,6,1.991226076,3.698013504,0.77815125,9.699572453287269,NA,NA,NA,NA,NA,NA,NA
147,1478,Mother,1,66627316,1223778134,GG,228062,57,5461,30,1.755874856,3.737272177,1.477121255,7.508058845865745,NA,NA,NA,NA,NA,NA,NA
151,1518,Mother,1,2600048978,1223778144,GA,331494,104,10700,691,2.017033339,4.029383778,2.839478047,3.952781275787613,NA,NA,NA,NA,NA,NA,NA
155,1558,Mother,1,2600048922,1223778155,AA,178337,424,4044,245,2.627365857,3.606811147,2.389166084,4.044929342900445,NA,NA,NA,NA,NA,NA,NA
156,1568,Mother,1,2600048924,1223787228,GG,238063,378,6789,97,2.5774918000000002,3.831805809,1.986771734,6.129070527800921,NA,NA,NA,NA,NA,NA,NA
160,1608,Mother,1,2600048970,1223787230,GG,204601,320,5068,64,2.505149978,3.704836606,1.806179974,6.307200809140809,NA,NA,NA,NA,NA,NA,NA
162,1628,Mother,1,2600048927,1223787229,AA,248190,34,5484,0,1.531478917,3.739097446,NA,NA,NA,NA,NA,NA,NA,NA,NA
167,1678,Mother,1,2600100713,1223786458,AA,261567,91,2767,7,1.959041392,3.442009159,0.84509804,8.62675200655235,NA,NA,NA,NA,NA,NA,NA
169,1698,Mother,1,2600100719,1223778202,GG,157483,440,11495,744,2.643452676,4.060508976,2.871572936,3.9495600344975106,NA,NA,NA,NA,NA,NA,NA
170,1708,Mother,1,2600100730,1223786434,GG,307589,97,2972,57,1.986771734,3.473048805,1.755874856,5.704328386373854,NA,NA,NA,NA,NA,NA,NA
173,1738,Mother,1,2600100740,1223786429,GA,249333,118,3468,66,2.071882007,3.540079089,1.819543936,5.715494063863382,NA,NA,NA,NA,NA,NA,NA
175,1758,Mother,1,2600100841,1223787231,AA,222084,10,849,2,1,2.92890769,0.301029996,8.729620743553038,NA,NA,NA,NA,NA,NA,NA
180,1808,Mother,1,2600100796,1223786307,GA,191633,31,4057,2,1.491361694,3.608205008,0.301029996,10.986197587206274,NA,NA,NA,NA,NA,NA,NA
184,1848,Mother,1,2600164623,1223787165,AA,196414,91,5677,79,1.959041392,3.754118894,1.897627091,6.167132278097775,NA,NA,NA,NA,NA,NA,NA
189,1898,Mother,1,2600164638,1223787167,AA,295901,113,1571,4,2.053078443,3.196176185,0.602059991,8.617467465294196,NA,NA,NA,NA,NA,NA,NA
191,1918,Mother,1,2600164633,1223787158,AA,216534,9,2053,10,0.954242509,3.312388949,1,7.68158981722124,NA,NA,NA,NA,NA,NA,NA
192,1928,Mother,1,2600164650,1223787170,GA,196606,256,3360,2,2.408239965,3.526339277,0.301029996,10.714245517666123,NA,NA,NA,NA,NA,NA,NA
193,1938,Mother,1,2600164649,1223786397,GG,232125,218,3634,17,2.338456494,3.560384923,1.230448921,7.739879862983776,NA,NA,NA,NA,NA,NA,NA
539,5398,Mother,1,2600100754,1223778215,GG,386338,162,1160,0,2.209515015,3.064457989,NA,NA,NA,NA,NA,NA,NA,NA,NA
542,5428,Mother,1,2600100871,1223786430,GA,242845,85,1745,0,1.929418926,3.241795431,NA,NA,NA,NA,NA,NA,NA,NA,NA
543,5438,Mother,1,2600100886,1223778154,AA,228009,99,4071,9,1.995635195,3.609701102,0.954242509,8.821242504697699,NA,NA,NA,NA,NA,NA,NA
544,5448,Mother,1,2600100870,1223786392,AA,339231,79,1673,0,1.897627091,3.223495941,NA,NA,NA,NA,NA,NA,NA,NA,NA
545,5458,Mother,1,2600100887,1223786513,GA,245968,217,0,0,2.336459734,NA,NA,NA,NA,NA,NA,NA,NA,NA,NA
546,5468,Mother,1,2600100748,1223786461,GA,261905,129,7160,17,2.11058971,3.854913022,1.230448921,8.718281030901279,NA,NA,NA,NA,NA,NA,NA
547,5478,Mother,1,2600100746,1223786450,GA,218964,96,1180,0,1.982271233,3.071882007,NA,NA,NA,NA,NA,NA,NA,NA,NA
552,5528,Mother,1,2600100860,1223786468,GA,282104,103,1671,0,2.012837225,3.22297645,NA,NA,NA,NA,NA,NA,NA,NA,NA
555,5558,Mother,1,2600100856,1223786505,AA,233034,164,607,33,2.214843848,2.783188691,1.51851394,4.201158586897229,NA,NA,NA,NA,NA,NA,NA
559,5598,Mother,1,2600100876,1223786401,AA,241097,43,941,9,1.633468456,2.973589623,0.954242509,6.708125911286225,NA,NA,NA,NA,NA,NA,NA
560,5608,Mother,1,2600100883,1223786311,GG,266490,160,1236,3,2.204119983,3.092018471,0.477121255,8.686500527183219,NA,NA,NA,NA,NA,NA,NA
565,5658,Mother,1,2600100850,1223786366,GA,245173,116,729,0,2.064457989,2.862727528,NA,NA,NA,NA,NA,NA,NA,NA,NA
567,5678,Mother,1,2600100836,1223786371,AA,260606,78,1748,0,1.892094603,3.242541428,NA,NA,NA,NA,NA,NA,NA,NA,NA
568,5688,Mother,1,2600100817,1223787245,GG,288597,159,821,14,2.201397124,2.914343157,1.146128036,5.873883489720201,NA,NA,NA,NA,NA,NA,NA
571,5718,Mother,1,2600100781,1223786318,GA,206405,119,2485,0,2.075546961,3.395326393,NA,NA,NA,NA,NA,NA,NA,NA,NA
572,5728,Mother,1,2600100786,1223787211,GA,234860,154,511,4,2.187520721,2.7084209,0.602059991,6.997179480937621,NA,NA,NA,NA,NA,NA,NA
574,5748,Mother,1,2600100789,1223786304,AA,231762,74,639,0,1.86923172,2.805500858,NA,NA,NA,NA,NA,NA,NA,NA,NA
578,5788,Mother,1,2600164614,1223787234,AA,232662,11,753,0,1.041392685,2.876794976,NA,NA,NA,NA,NA,NA,NA,NA,NA
584,5848,Mother,1,2600164636,1223787176,GA,231544,84,2996,20,1.924279286,3.476541809,1.301029996,7.226893813571389,NA,NA,NA,NA,NA,NA,NA
585,5858,Mother,1,2600164655,1223787162,GA,189750,296,2474,4,2.471291711,3.393399695,0.602059991,9.272629784976369,NA,NA,NA,NA,NA,NA,NA
